{
  "test_acc": [
    0.028589649125933647,
    0.49994686245918274,
    0.5003719925880432,
    0.5249229669570923,
    0.7997661828994751,
    0.9840578436851501,
    0.9998937249183655,
    1.0,
    1.0,
    1.0,
    1.0,
    1.0,
    1.0,
    1.0,
    1.0,
    1.0,
    1.0,
    1.0,
    1.0,
    1.0,
    1.0,
    1.0,
    1.0,
    1.0,
    1.0,
    1.0,
    1.0,
    1.0,
    1.0,
    1.0,
    1.0,
    1.0,
    1.0,
    1.0,
    1.0,
    1.0,
    1.0,
    1.0,
    1.0,
    1.0,
    1.0,
    1.0,
    1.0,
    1.0,
    1.0,
    1.0,
    1.0,
    1.0,
    1.0,
    1.0,
    1.0,
    1.0,
    1.0,
    1.0,
    1.0,
    1.0,
    1.0,
    1.0,
    1.0,
    1.0,
    1.0,
    1.0,
    1.0,
    1.0,
    1.0,
    1.0,
    1.0,
    1.0,
    1.0,
    1.0,
    1.0,
    1.0,
    1.0,
    1.0,
    1.0,
    1.0,
    1.0,
    1.0,
    1.0,
    1.0,
    1.0,
    1.0,
    1.0,
    1.0,
    1.0,
    1.0,
    1.0,
    1.0,
    1.0,
    1.0,
    1.0,
    1.0,
    1.0,
    1.0,
    1.0,
    1.0,
    1.0,
    1.0,
    1.0,
    1.0,
    1.0,
    1.0,
    1.0,
    1.0,
    1.0,
    1.0,
    1.0,
    1.0,
    1.0,
    1.0,
    1.0,
    1.0,
    1.0,
    1.0,
    1.0,
    1.0,
    1.0,
    1.0,
    1.0,
    1.0,
    1.0,
    1.0,
    1.0,
    1.0,
    1.0,
    1.0,
    1.0,
    1.0,
    1.0,
    1.0,
    1.0,
    1.0,
    1.0,
    1.0,
    1.0,
    1.0,
    1.0,
    1.0,
    1.0,
    1.0,
    1.0,
    1.0,
    1.0,
    1.0,
    1.0,
    1.0,
    1.0,
    1.0,
    1.0,
    1.0,
    1.0,
    1.0,
    1.0,
    1.0,
    1.0,
    1.0,
    1.0,
    1.0,
    1.0,
    1.0,
    1.0,
    1.0,
    1.0,
    1.0,
    1.0,
    1.0,
    1.0,
    1.0,
    1.0,
    1.0,
    1.0,
    1.0,
    1.0,
    1.0,
    1.0,
    1.0,
    1.0,
    1.0,
    1.0,
    1.0,
    1.0,
    1.0,
    1.0,
    1.0,
    1.0,
    1.0,
    1.0,
    1.0,
    1.0,
    1.0,
    1.0,
    1.0,
    1.0,
    1.0,
    1.0,
    1.0,
    1.0,
    1.0,
    1.0,
    1.0,
    1.0
  ],
  "erank": [
    154.17941284179688,
    154.69541931152344,
    153.3878173828125,
    153.0017547607422,
    147.33700561523438,
    135.4228973388672,
    119.51900482177734,
    102.97970581054688,
    91.0234375,
    84.81440734863281,
    81.18046569824219,
    79.10447692871094,
    77.96427917480469,
    76.93866729736328,
    76.756103515625,
    75.55583953857422,
    74.69546508789062,
    72.9236831665039,
    70.66573333740234,
    68.32009887695312,
    66.47284698486328,
    65.09029388427734,
    64.88558959960938,
    64.24136352539062,
    64.58665466308594,
    63.50418472290039,
    70.31096649169922,
    64.85724639892578,
    57.492515563964844,
    53.34760284423828,
    50.43198776245117,
    49.304718017578125,
    48.766937255859375,
    48.90761184692383,
    49.00278854370117,
    49.36689376831055,
    49.78206253051758,
    50.45155715942383,
    51.08440399169922,
    51.473899841308594,
    51.89743423461914,
    52.31843566894531,
    52.89838790893555,
    53.55210876464844,
    53.63571548461914,
    54.2308349609375,
    55.06193161010742,
    55.53089904785156,
    65.35979461669922,
    58.49683380126953,
    56.74537658691406,
    55.09132385253906,
    54.51920700073242,
    53.883548736572266,
    54.130775451660156,
    54.66476058959961,
    55.20571517944336,
    56.26459503173828,
    56.59019470214844,
    56.84423065185547,
    56.98774337768555,
    57.360450744628906,
    57.34795379638672,
    57.120643615722656,
    57.4942741394043,
    57.136932373046875,
    57.195404052734375,
    57.179283142089844,
    57.134124755859375,
    57.370079040527344,
    57.72408676147461,
    58.276973724365234,
    58.32211685180664,
    65.56646728515625,
    58.66258239746094,
    58.9104118347168,
    57.90592956542969,
    57.90299987792969,
    58.097259521484375,
    57.92575454711914,
    57.6519889831543,
    57.82546615600586,
    57.73969650268555,
    57.911338806152344,
    57.96825408935547,
    57.483551025390625,
    57.62508010864258,
    58.04627990722656,
    57.87685775756836,
    57.557308197021484,
    57.65102767944336,
    57.726043701171875,
    57.563209533691406,
    57.246864318847656,
    57.636348724365234,
    57.68463134765625,
    57.94211196899414,
    57.67436981201172,
    58.11482620239258,
    58.31708526611328,
    59.06936264038086,
    65.73125457763672,
    59.39227294921875,
    59.28512191772461,
    59.339168548583984,
    58.85860824584961,
    58.29214859008789,
    58.129764556884766,
    57.88914108276367,
    57.77145004272461,
    57.77238845825195,
    57.75605392456055,
    57.736061096191406,
    58.02511215209961,
    57.89778518676758,
    57.67924118041992,
    57.9287109375,
    57.625465393066406,
    57.75999069213867,
    57.81755447387695,
    57.683311462402344,
    58.01930236816406,
    57.7392578125,
    57.86579132080078,
    57.904380798339844,
    57.921695709228516,
    58.222530364990234,
    58.28347396850586,
    59.05680465698242,
    59.1176643371582,
    58.23552703857422,
    65.30860900878906,
    60.797386169433594,
    60.33921813964844,
    60.291473388671875,
    60.12971878051758,
    59.97640609741211,
    60.062374114990234,
    59.97517395019531,
    59.57064437866211,
    59.645912170410156,
    59.47786331176758,
    59.48770523071289,
    59.59917068481445,
    59.39564514160156,
    58.877159118652344,
    59.219940185546875,
    58.740230560302734,
    58.47452163696289,
    58.27652359008789,
    58.73252868652344,
    58.531959533691406,
    58.52199935913086,
    58.4109001159668,
    58.42549514770508,
    58.54184341430664,
    58.441795349121094,
    59.13266372680664,
    58.83251190185547,
    61.644012451171875,
    60.02183532714844,
    59.71332550048828,
    59.727455139160156,
    60.00209045410156,
    59.84904479980469,
    59.905006408691406,
    59.45616912841797,
    59.247169494628906,
    59.77668380737305,
    59.335289001464844,
    59.4774055480957,
    58.974239349365234,
    58.94758987426758,
    58.72197341918945,
    58.81184005737305,
    58.2398567199707,
    58.27480697631836,
    57.97897720336914,
    57.964412689208984,
    57.57572555541992,
    57.62294006347656,
    57.73077392578125,
    57.53667068481445,
    57.5708122253418,
    57.55906295776367,
    58.31580352783203,
    58.80987548828125,
    58.10022735595703,
    59.9913330078125,
    58.65821838378906,
    58.490806579589844,
    58.911224365234375,
    59.26174545288086,
    59.03901290893555,
    59.46425247192383,
    58.94297790527344,
    59.034278869628906,
    58.887413024902344,
    58.72581100463867,
    58.71200942993164,
    58.746337890625
  ],