{
  "0.0": {
    "test_acc": [
      0.0171112772077322,
      0.49899032711982727,
      0.49994686245918274,
      0.49994686245918274,
      0.49994686245918274,
      0.5000531673431396,
      0.5009034276008606,
      0.5041981339454651,
      0.5186523795127869,
      0.573493480682373,
      0.7240939736366272,
      0.9413328170776367,
      0.9986183643341064,
      1.0,
      1.0,
      1.0,
      1.0,
      1.0,
      1.0,
      1.0,
      1.0,
      1.0,
      1.0,
      1.0,
      1.0,
      1.0,
      1.0,
      1.0,
      1.0,
      1.0,
      1.0,
      1.0,
      1.0,
      1.0,
      1.0,
      1.0,
      1.0,
      1.0,
      1.0,
      1.0,
      1.0
    ],
    "erank": [
      138.40859985351562,
      136.28863525390625,
      136.06039428710938,
      135.6221923828125,
      135.40597534179688,
      133.23858642578125,
      133.80389404296875,
      132.890869140625,
      130.6749725341797,
      128.42581176757812,
      123.1329116821289,
      116.97381591796875,
      107.12164306640625,
      95.4443359375,
      84.9471664428711,
      75.85459899902344,
      70.50414276123047,
      65.69196319580078,
      62.765869140625,
      61.263710021972656,
      59.44590759277344,
      58.67623519897461,
      58.49086380004883,
      58.35305404663086,
      57.894996643066406,
      57.807743072509766,
      57.72895812988281,
      57.90841293334961,
      57.80084991455078,
      57.85614013671875,
      58.09833908081055,
      58.167667388916016,
      58.3708610534668,
      58.39628219604492,
      58.84022903442383,
      58.909542083740234,
      59.032623291015625,
      59.1010627746582,
      59.21443176269531,
      59.42567443847656,
      59.38714599609375
    ],
    "epoch": [
      0,
      50,
      100,
      150,
      200,
      250,
      300,
      350,
      400,
      450,
      500,
      550,
      600,
      650,
      700,
      750,
      800,
      850,
      900,
      950,
      1000,
      1050,
      1100,
      1150,
      1200,
      1250,
      1300,
      1350,
      1400,
      1450,
      1500,
      1550,
      1600,
      1650,
      1700,
      1750,
      1800,
      1850,
      1900,
      1950,
      1999
    ]
  },
  "0.1": {
    "test_acc": [
      0.016367308795452118,
      0.447656512260437,
      0.44999468326568604,
      0.44999468326568604,
      0.44999468326568604,
      0.45010098814964294,
      0.450313538312912,
      0.450313538312912,
      0.450844943523407,
      0.4515889286994934,
      0.45286428928375244,
      0.45573389530181885,
      0.4606228172779083,
      0.4690190255641937,
      0.48198533058166504,
      0.5013285279273987,
      0.5289616584777832,
      0.5648847222328186,
      0.5964502096176147,
      0.6322669982910156,
      0.667127251625061,
      0.7018811702728271,
      0.7329152822494507,
      0.7643745541572571,
      0.7908385992050171,
      0.8158146739006042,
      0.8335636258125305,
      0.8475927710533142,
      0.8592836856842041,
      0.8684238791465759,
      0.8735253810882568,
      0.8816027641296387,
      0.8899989724159241,
      0.8910617828369141,
      0.8969072103500366,
      0.9000957012176514,
      0.9010521769523621,
      0.9022213220596313,
      0.9044532179832458,
      0.9083856344223022,
      0.9091295599937439
    ],
    "erank": [
      138.38687133789062,
      136.778076171875,
      136.3361358642578,
      137.2223663330078,
      135.9583740234375,
      133.88218688964844,
      135.5241241455078,
      135.59219360351562,
      134.7595977783203,
      135.42909240722656,
      134.2372283935547,
      134.7285614013672,
      134.2946014404297,
      133.42689514160156,
      132.4492950439453,
      130.26573181152344,
      130.38653564453125,
      128.9307403564453,
      128.355224609375,
      127.48140716552734,
      126.35978698730469,
      125.35050201416016,
      125.42572021484375,
      125.14295959472656,
      124.2681884765625,
      123.75102233886719,
      122.96434783935547,
      122.55699157714844,
      120.96695709228516,
      120.68080139160156,
      122.08477783203125,
      121.17242431640625,
      120.82929992675781,
      120.13433074951172,
      120.08918762207031,
      120.14090728759766,
      120.66267395019531,
      119.335693359375,
      118.7015380859375,
      119.21733856201172,
      118.97643280029297
    ],
    "epoch": [
      0,
      50,
      100,
      150,
      200,
      250,
      300,
      350,
      400,
      450,
      500,
      550,
      600,
      650,
      700,
      750,
      800,
      850,
      900,
      950,
      1000,
      1050,
      1100,
      1150,
      1200,
      1250,
      1300,
      1350,
      1400,
      1450,
      1500,
      1550,
      1600,
      1650,
      1700,
      1750,
      1800,
      1850,
      1900,
      1950,
      1999
    ]
  },
  "0.2": {
    "test_acc": [
      0.01604846492409706,
      0.39685407280921936,
      0.4003613591194153,
      0.4004676342010498,
      0.4003613591194153,
      0.4003613591194153,
      0.4005739390850067,
      0.4004676342010498,
      0.4005739390850067,
      0.4008927643299103,
      0.4008927643299103,
      0.4008927643299103,
      0.4011053442955017,
      0.40131789445877075,
      0.40131789445877075,
      0.40121161937713623,
      0.40195557475090027,
      0.4020618796348572,
      0.4025932848453522,
      0.40312469005584717,
      0.40365609526634216,
      0.40408119559288025,
      0.4054628610610962,
      0.4056754410266876,
      0.40758848190307617,
      0.41024550795555115,
      0.4117334485054016,
      0.414071649312973,
      0.41715380549430847,
      0.418322890996933,
      0.42034223675727844,
      0.42321184277534485,
      0.4264002740383148,
      0.43001383543014526,
      0.4347964823246002,
      0.43777236342430115,
      0.44234246015548706,
      0.4453183114528656,
      0.448719322681427,
      0.4531831443309784,
      0.4570092558860779
    ],
    "erank": [
      138.43618774414062,
      136.61146545410156,
      136.5880889892578,
      136.8726806640625,
      135.67788696289062,
      134.6984405517578,
      135.585205078125,
      135.6502685546875,
      135.16168212890625,
      135.28289794921875,
      135.04669189453125,
      135.4717254638672,
      136.3434295654297,
      135.68753051757812,
      135.73114013671875,
      134.90316772460938,
      135.63848876953125,
      134.93167114257812,
      135.53543090820312,
      135.37020874023438,
      135.47520446777344,
      135.5272216796875,
      136.5157470703125,
      135.8272247314453,
      136.22406005859375,
      135.6071319580078,
      134.9289093017578,
      135.19996643066406,
      134.3890838623047,
      134.9525146484375,
      136.16014099121094,
      134.2848663330078,
      134.58460998535156,
      135.13681030273438,
      133.896240234375,
      134.47947692871094,
      134.3160400390625,
      134.24337768554688,
      133.0118408203125,
      134.327392578125,
      133.38885498046875
    ],
    "epoch": [
      0,
      50,
      100,
      150,
      200,
      250,
      300,
      350,
      400,
      450,
      500,
      550,
      600,
      650,
      700,
      750,
      800,
      850,
      900,
      950,
      1000,
      1050,
      1100,
      1150,
      1200,
      1250,
      1300,
      1350,
      1400,
      1450,
      1500,
      1550,
      1600,
      1650,
      1700,
      1750,
      1800,
      1850,
      1900,
      1950,
      1999
    ]
  },